USE BD_ES3;

INSERT INTO LOCAIS_CONTROLADOS (local_nome, local_descricao) VALUES
('Portaria Principal', "um local"),
('Garagem 1', "outro local"),
('Garagem 2', "ainda outro local"),
('Piscina', null),
('Salão de Festas', null),
('Academia', null),
('Quadra', null),
('Playground', null),
('Portão dos Fundos', null),
('Depósito', null),
('Jardim', null),
('Bloco A', null),
('Bloco B', null),
('Bloco C', null),
('Administração', null);

INSERT INTO PESSOAS (pessoa_nome, pessoa_cpf, pessoa_data_nasc, pessoa_telef, pessoa_email, pessoa_ativa) VALUES
#Moradores:
('Ana Souza', '11111111111', '1988-03-15', '11988887777', 'ana@email.com', 1),
('Bruno Lima', '22222222222', '1990-07-22', '11999996666', 'bruno@email.com', 1),
('Carlos Dias', '33333333333', '1985-01-10', '11888885555', 'carlos@email.com', 1),
('Daniela Rocha', '44444444444', '1992-02-05', '11777774444', 'daniela@email.com', 1),
('Eduardo Silva', '55555555555', '1983-06-28', '11666663333', 'eduardo@email.com', 1),
('Fernanda Alves', '66666666666', '1994-12-01', '11555552222', 'fernanda@email.com', 1),
('Gabriel Costa', '77777777777', '1980-10-17', '11444441111', 'gabriel@email.com', 1),
('Helena Castro', '88888888888', '1989-09-09', '11333332222', 'helena@email.com', 1),
('Igor Martins', '99999999999', '1987-04-30', '11222221111', 'igor@email.com', 1),
('Juliana Melo', '10101010101', '1991-08-12', '11911112222', 'juliana@email.com', 1),
('Karen Oliveira', '12121212121', '1993-03-07', '11922223333', 'karen@email.com', 1),
('Lucas Pereira', '13131313131', '1986-07-29', '11933334444', 'lucas@email.com', 1),
('Mariana Nunes', '14141414141', '1995-01-25', '11944445555', 'mariana@email.com', 1),
('Nicolas Prado', '15151515151', '1997-11-11', '11955556666', 'nicolas@email.com', 1),
('Olivia Freitas', '16161616161', '1992-06-06', '11966667777', 'olivia@email.com', 1),
#Prestadores:
('Pedro Santos', '17171717171', '1990-04-19', '11977778888', 'pedro@email.com', 1),
('Quezia Tavares', '18181818181', '1991-09-15', '11988889999', 'quezia@email.com', 1),
('Rafael Souza', '19191919191', '1989-05-23', '11999990000', 'rafael@email.com', 1),
('Sabrina Lopes', '20202020202', '1994-10-13', '11800001111', 'sabrina@email.com', 1),
('Thiago Ribeiro', '21212121212', '1993-08-21', '11700002222', 'thiago@email.com', 1),
('Ursula Duarte', '23232323232', '1992-11-02', '11600003333', 'ursula@email.com', 1),
('Vitor Hugo', '24242424242', '1988-01-14', '11500004444', 'vitor@email.com', 1),
('Wagner Torres', '25252525252', '1990-02-27', '11400005555', 'wagner@email.com', 1),
('Xavier Gomes', '26262626262', '1985-07-19', '11300006666', 'xavier@email.com', 1),
('Yasmin Ferreira', '27272727272', '1996-04-11', '11200007777', 'yasmin@email.com', 1),
('Zeca Andrade', '28282828282', '1984-03-17', '11100008888', 'zeca@email.com', 1),
('Amanda Barros', '29292929292', '1997-09-09', '11000009999', 'amanda@email.com', 1),
('Beatriz Moura', '30303030303', '1999-12-31', '11911110000', 'beatriz@email.com', 1),
('Caio França', '31313131313', '1998-02-18', '11922220000', 'caio@email.com', 1),
('Diego Cunha', '32323232323', '1996-11-08', '11933330000', 'diego@email.com', 1),
#Visitantes:
('Elisa Duarte', '33343434343', '1992-05-01', '11944440000', 'elisa@email.com', 1),
('Fabio Rezende', '34353535353', '1983-09-03', '11955550000', 'fabio@email.com', 1),
('Gisele Ramos', '35363636363', '1991-01-01', '11966660000', 'gisele@email.com', 1),
('Hugo Batista', '36373737373', '1987-06-09', '11977770000', 'hugo@email.com', 1),
('Isabela Torres', '37383838383', '1984-02-20', '11988880000', 'isabela@email.com', 1),
('João Pedro', '38393939393', '1995-10-12', '11999990000', 'joaopedro@email.com', 1),
('Karen Lemos', '39304040404', '1992-03-03', '11910101010', 'karenlemos@email.com', 1),
('Leonardo Reis', '40314141414', '1989-07-07', '11920202020', 'leonardo@email.com', 1),
('Marcos Teixeira', '41324242424', '1982-12-12', '11930303030', 'marcos@email.com', 1),
('Natália Ribeiro', '42334343434', '1996-08-08', '11940404040', 'natalia@email.com', 1),
('Otávio Nunes', '43344444444', '1993-04-04', '11950505050', 'otavio@email.com', 1),
('Patrícia Cruz', '44354545454', '1985-11-11', '11960606060', 'patricia@email.com', 1),
('Ricardo Neves', '45364646464', '1990-05-05', '11970707070', 'ricardo@email.com', 1),
('Simone Alves', '46374747474', '1988-03-03', '11980808080', 'simone@email.com', 1),
('Tamires Lopes', '47384848484', '1992-09-09', '11990909090', 'tamires@email.com', 1);

INSERT INTO MORADORES (morador_id) 
VALUES
(1),
(2),
(3),
(4),
(5),
(6),
(7),
(8),
(9),
(10),
(11),
(12),
(13),
(14),
(15);


INSERT INTO PRESTADORES (prestador_id, prestador_cnpj, prestador_empresa) VALUES
(16, '12345678000100', 'LimpaTudo Serviços'),
(17, '23456789000111', 'ConsertaJá'),
(18, '34567890000122', 'Elétrica BR'),
(19, '45678901000133', 'Jardinagem VerdeVida'),
(20, '56789012000144', 'Manutenção Ideal'),
(21, '67890123000155', 'TechNet Instalações'),
(22, '78901234000166', 'Vigilância Alfa'),
(23, '89012345000177', 'HigienizaMais'),
(24, '90123456000188', 'AquaPool'),
(25, '01234567000199', 'Vidraçaria Sul'),
(26, '11234567000111', 'MoveLar'),
(27, '21234567000122', 'Condomínio Clean'),
(28, '31234567000133', 'Elevadores BR'),
(29, '41234567000144', 'RefrigeraTech'),
(30, '51234567000155', 'Paisagismo JardimBem');

INSERT INTO VISITANTES (visitante_id, morador_id, visit_data_autorizacao) VALUES
(31, 1, NOW()), 
(32, 2, NOW()), 
(33, 3, NOW()), 
(34, 4, NOW()), 
(35, 5, NOW()),
(36, 6, NOW()), 
(37, 7, NOW()), 
(38, 8, NOW()), 
(39, 9, NOW()), 
(40, 10, NOW()),
(41, 11, NOW()), 
(42, 12, NOW()), 
(43, 13, NOW()), 
(44, 14, NOW()), 
(45, 15, NOW());

INSERT INTO CASAS (casa_ender) VALUES
('Rua Alfa, 101'), 
('Rua Beta, 102'), 
('Rua Gama, 103'), 
('Rua Delta, 104'), 
('Rua Épsilon, 105'),
('Rua Zeta, 106'), 
('Rua Eta, 107'), 
('Rua Teta, 108'), 
('Rua Iota, 109'), 
('Rua Kapa, 110'),
('Rua Lambda, 111'), 
('Rua Mi, 112'), 
('Rua Ni, 113'), 
('Rua Xi, 114'), 
('Rua Ômicron, 115');

INSERT INTO MORADOR_CASA (morador_id, casa_id, tipo_vinculo) VALUES
(1,1,'proprietario'),
(2,2,'proprietario'),
(3,3,'proprietario'),
(4,4,'proprietario'),
(5,5,'proprietario'),
(6,6,'inquilino'),
(7,7,'inquilino'),
(8,8,'dependente'),
(9,9,'proprietario'),
(10,10,'proprietario'),
(11,11,'dependente'),
(12,12,'proprietario'),
(13,13,'inquilino'),
(14,14,'dependente'),
(15,15,'proprietario');

INSERT INTO VEICULOS (vei_placa, pessoa_id, vei_cor, vei_modelo) VALUES
('AAA1A11', 1, 'Prata', 'Corolla'),
('BBB2B22', 2, 'Preto', 'Civic'),
('CCC3C33', 3, 'Branco', 'HB20'),
('DDD4D44', 4, 'Azul', 'Onix'),
('EEE5E55', 5, 'Vermelho', 'Kwid'),
('FFF6F66', 6, 'Preto', 'Compass'),
('GGG7G77', 7, 'Branco', 'T-Cross'),
('HHH8H88', 8, 'Cinza', 'Creta'),
('III9I99', 9, 'Vermelho', 'Argo'),
('JJJ0J00', 10, 'Prata', 'Tracker'),
('KKK1K11', 11, 'Preto', 'Fiesta'),
('LLL2L22', 12, 'Branco', 'Golf'),
('MMM3M33', 13, 'Prata', 'Renegade'),
('NNN4N44', 14, 'Preto', 'Kicks'),
('OOO5O55', 15, 'Cinza', 'HR-V');

INSERT INTO AUTORIZACOES (pessoa_id, local_id) VALUES
(1,1),
(2,1),
(3,2),
(4,3),
(5,4),
(6,5),
(7,6),
(8,7),
(9,8),
(10,9),
(11,10),
(12,11),
(13,12),
(14,13),
(15,14);


INSERT INTO SERVICOS (morador_id, prestador_id, serv_tipo, data_inicio, data_fim) VALUES
(1,16,'limpeza','2025-01-10','2025-01-10'),
(2,17,'reparo','2025-02-11','2025-02-11'),
(3,18,'eletrica','2025-03-12','2025-03-12'),
(4,19,'jardinagem','2025-04-13','2025-04-13'),
(5,20,'manutencao','2025-05-14','2025-05-14'),
(6,21,'instalacao','2025-06-15','2025-06-15'),
(7,22,'vigilancia','2025-07-16','2025-07-16'),
(8,23,'limpeza','2025-08-17','2025-08-17'),
(9,24,'piscina','2025-09-18','2025-09-18'),
(10,25,'vidracaria','2025-10-19','2025-10-19'),
(11,26,'mudanca','2025-11-20','2025-11-20'),
(12,27,'limpeza','2025-12-21','2025-12-21'),
(13,28,'elevador','2025-01-22','2025-01-22'),
(14,29,'refrigeracao','2025-02-23','2025-02-23'),
(15,30,'paisagismo','2025-03-24','2025-03-24');

INSERT INTO ACESSOS (local_id, pessoa_id, acesso_data, acesso_tipo, acesso_status) VALUES
(1,1,NOW(),'entrada','permitido'),
(2,1,NOW(),'saida','permitido'),
(3,2,NOW(),'entrada','permitido'),
(4,3,NOW(),'entrada','permitido'),
(5,4,NOW(),'entrada','negado'),
(6,5,NOW(),'entrada','permitido'),
(7,6,NOW(),'entrada','permitido'),
(8,7,NOW(),'entrada','permitido'),
(9,8,NOW(),'saida','permitido'),
(10,9,NOW(),'entrada','permitido'),
(11,10,NOW(),'entrada','negado'),
(12,11,NOW(),'entrada','permitido'),
(13,12,NOW(),'entrada','permitido'),
(14,13,NOW(),'saida','permitido'),
(15,14,NOW(),'entrada','permitido');

